ticker,volatility,smape,avg_price,len
WPP,Medium,0.2705780561044689,32.1363547602546,9355
CVGW,Medium,0.16273736088877414,31.07178706682981,5681
DFH,Medium,0.3057002174302118,22.145518041892252,1023
RCEL,Medium-High,0.9155787417765433,13.289236526096971,3209
C,Medium-Low,0.3257516748517217,79.32624770995221,12132
YY,Medium,0.16611781436945092,50.85023716916347,3077
MTB,Medium-Low,0.3222904670540872,49.80449104999197,11323
VERA,High,0.4792259017830823,23.063230919130778,944
ASIX,Medium,0.1490571450289646,28.758131660601975,2117
MUX,High,0.828657240009843,15.59179641778902,11287
ICE,Medium-Low,0.11674323655774234,55.92852195616056,4842
CGEMY,Medium-Low,0.1360740686726826,19.075009501008164,4290
MARA,High,1.6471113557502381,31.888618988493924,3215
KT,Medium-Low,0.14637671305047856,17.500058266818893,6472
REET,Low,0.2447311018751756,20.85085491869582,2668
DOMO,Medium-High,0.5730669157689148,29.09811034857619,1667
TRP,Medium-Low,0.18269822004462344,13.83828623977476,10689
PLCE,Medium-High,0.9785146196880775,44.292548805911785,6895
STBX,High,2.0,22.703609965729676,623
ZVRA,High,1.3766969352933842,53.08470746261905,2475
GLP,Medium,0.09160705023541739,12.41710725265316,4876
AROC,Medium,0.1349177258850753,12.748441201642112,4401
VNT,Medium-Low,0.25494336207835433,30.851674931636754,1104
VINC,High,1.2934598434267208,119.70198644933475,1188
HCAT,Medium-High,0.32095626218642087,24.32922802830356,1399
FBMS,Medium,0.2791954464760575,17.13701335150827,5567
SEIC,Medium-Low,0.14913828510926355,18.88422979127348,11065
FTV,Medium-Low,0.06319533219249147,63.23016913086726,2168
CBRE,Medium,0.2640361961476998,39.999579278192876,5205
SCHL,Medium-Low,0.23234753488887194,25.360488062649104,8304
RWEOY,Medium-Low,0.09614023793791746,28.434107972909256,7106
SIGI,Medium-Low,0.11728718683956439,19.669387732816123,11323
CLH,Medium-High,0.1751325912286015,37.00736476264546,9378
ADI,Medium,0.1343791461518501,36.49965608934837,11323
MLNK,Medium,0.12601588214333936,19.341870084721993,893
PTC,Medium,0.07288790312313258,44.43545838215905,8862
OIH,Medium-Low,0.12298717682116528,471.9462652127343,6030
ALIZY,Medium-Low,0.09029046635355097,11.365639485930148,6105
GDS,Medium-High,1.5675526859475035,34.35878730793155,2083
IVW,Low,0.10236805147128532,28.85874106854095,6218
AXP,Medium-Low,0.300692892501487,36.88902693885526,13289
SPSB,Low,0.011101620459196482,25.213702179279988,3804
PCT,High,1.1068487287863107,10.033251946725887,1155
PRAX,High,0.2635672930811358,165.01963678615934,1088
PPRUY,Medium-Low,0.1354207638643845,34.045427104110296,3421
VNDA,High,0.9048438532877006,10.807273305314647,4742
NPWR,Medium,0.21787453232242357,10.295728000507397,886
ARCT,High,0.9757713228260815,36.26367082314858,2953
EZGO,High,1.7803699912474609,60.232153838200894,1020
FGEN,High,1.716516353571485,26.439184632490456,2578
INMD,Medium-High,0.7931349075948066,30.003641138838898,1389
ZD,Medium,0.09154985012282661,37.6695869479523,6432
MLPX,Medium-Low,0.08722599162037402,30.794200665704135,2900
MANU,Medium-Low,0.09671833012146816,16.413870964801838,3147
LITE,Medium,0.8469787551833899,59.78989906929121,2407
GBR,High,1.4988538091375179,25.51632204382387,8030
SRDX,Medium,0.1017211662722055,29.523697290052112,6782
ROK,Medium-Low,0.045338449040516184,60.30775066049908,10870
PENG,Medium-High,0.24545425131358703,18.19068546329506,1944
SPAB,Low,0.028329586577800447,21.95112735387268,4459
MJLB,High,1.954423974595855,137198.50260971344,6891
MOMO,Medium-High,0.6645522405120834,13.247759662754834,2560
ANF,Medium,0.18712534779034426,30.442944583147828,7143
KW,Medium-Low,0.2283524069999274,11.792285730943968,4329
WMG,Medium-Low,0.09024848251006592,31.358986413589697,1183
LIN,Medium-Low,0.0524617612841584,94.84971821271903,8225
BURL,Medium,1.2185458418787887,149.6229325040826,2861
RRC,Medium-High,0.16492404871333438,18.94040215209734,11257
AURI,High,1.3606025853691888,163.55501518452738,5494
UPXI,High,1.9964947972346516,56.60677729423389,916
FRO,Medium-High,0.29554516258675256,25.14410998475596,5918
MSPR,High,2.0,2506.3733686659193,1085
BSTZ,Medium-Low,0.20621473830169088,17.715501695892357,1419
BBAX,Medium-Low,0.06972849339450861,43.53311489005144,1639
BHC,Medium,0.14249417194246983,28.87109897315602,7774
SMIN,Medium-Low,0.0535401280354204,37.87872302976409,3274
QLTA,Low,0.029482102138447888,42.78591295687494,3269
PII,Medium-Low,0.12925065884582057,36.33804747009563,9427
FTK,High,0.765385198328581,52.49332042734596,4921
AAP,Medium-Low,1.8143820450785417,81.21208169659897,5841
ALT,High,1.7131096764148068,15.164505146006476,1942
CLOI,Low,0.01341671426098167,47.902824734565904,665
DESP,Medium,0.6542877368029806,12.92652255584807,1862
ETR,Medium-Low,0.3387460294242602,10.763794280867273,13289
PFFD,Low,0.1496197681587547,18.275453634456294,1866
OCGN,High,1.7374622846708636,83.40440953853928,2566
JAMF,Medium,0.09670607928938973,25.506810256353766,1149
ENGIY,Medium-Low,0.07193748945005639,12.570787971118227,4164
CCSI,Medium-High,0.08378947415526941,37.27514741105853,848
MSA,Medium-Low,0.11225098744519453,28.143425611222064,13108
ATXS,High,0.7175739530204119,91.97402449579938,2426
POWL,Medium,0.3527990820715035,20.02517080869995,11323
INCY,Medium-High,0.16250424246774808,37.05927805280455,7874
MIGI,High,1.8611556160559055,2250.530098393797,3266
JAGX,High,1.9997871012832154,6732782.592160362,2457
ICOW,Low,0.06253356219708299,24.873330485468152,1927
AMTB,Medium,0.4821660421218587,20.359298806820277,1590
IBTM,Low,0.05946461085206444,21.90650053533889,655
PREF,Low,0.09924561042986911,15.935053075207826,1912
DOGZ,High,1.4257650048578094,42.258115942574925,1799
GUSH,High,1.6325753962969076,1473.584266478396,2445
OIS,Medium,0.25527357605724177,21.398137946338053,6040
TCBI,Medium,0.20639798264537765,43.18692776017372,5413
ENGN,High,0.29528550792088903,10.089617286722126,763
ADYEY,Medium,0.36636974227796504,16.39354259243718,1350
ACB,High,1.9651210923406222,220.1506057574646,2665
ERY,Medium-High,1.802153913955233,3969.7895283343014,4085
BSCT,Low,0.030625125238433602,17.626247231911353,1364
XLV,Low,0.08384543639530735,53.18414683673983,6578
AVDE,Low,0.059820147064380366,52.89317957044088,1355
PTA,Low,0.03522592798716951,17.471377117545515,1080
WEBL,High,0.2265579626924328,31.85669621737498,1325
QTWO,Medium,1.8597186168467603,52.24584703601774,2745
TPIC,High,0.6530663197466565,19.868923401777263,2155
STEM,High,1.4263284955293787,11.033463438669768,1094
ISTB,Low,0.01353583657132972,42.573604290396794,3095
DNLI,Medium-High,0.22564416386741368,29.52612125992379,1806
CHX,Medium-High,0.23879662699048235,26.289720966967835,1711
INGN,Medium,1.5088866522664934,53.40321065735266,2768
TRIP,Medium,0.1887051546153278,41.06491846890201,3317
ADSK,Medium,0.11273272888307068,56.22228772982421,9986
MUB,Low,0.014787216466082284,87.86830728751698,4388
LOVE,Medium-High,0.2967332262886108,31.839589534940085,1669
USHY,Low,0.056250548573057696,30.82273124869353,1836
APLS,Medium-High,0.4307737345191504,39.26799563954198,1826
IOO,Low,0.06796829449592594,34.93870450430346,6082
SCHV,Low,0.11870539833551504,12.43001006696709,3816
FLDR,Low,0.007210426981754511,44.55689621882109,1676
NDMO,Low,0.06328243598314363,10.662140113375385,1123
XMTR,Medium-High,0.30227593043527745,33.49439141311144,912
MNDY,Medium-High,0.11455383767781445,197.75679278940154,926
VMEO,Medium-High,0.3388832085790945,10.311208707456009,939
VLUE,Low,0.0832263819611139,70.67933760243533,2977
FLCB,Low,0.04082567730518021,21.251538694606108,1360
MEGEF,Medium-High,0.14620612668730848,16.35897419789065,3487
CLIP,Low,0.001332770318280808,96.2556601099221,415
DOYU,Medium-High,1.223095900371994,23.0901545336238,1405
CORT,Medium-High,0.1826414278677804,10.36343374740975,5245
TECS,Medium-High,1.8079355313151702,1308962.8304087082,4058
VGLT,Low,0.06963848664856974,60.00611986045958,3804
PPH,Low,0.06900205911737124,40.83713876415688,6299
JMST,Low,0.003372875310462416,47.38181965297055,1588
SGOL,Low,0.15417580285476518,15.008463448770996,3884
JHMM,Low,0.25786960793578545,39.257053717920336,2360
PZA,Low,0.0213954077623859,19.102881812174385,4360
RPTX,Medium-High,0.6189266115169341,15.710328782042513,1171
PBF,Medium-High,0.4301895797286802,25.529903727368854,3062
DRN,Medium-High,0.9238161359396975,12.434820922280622,3922
ULCC,Medium-High,0.38044068834621786,10.065118067563192,974
AZPN,Medium-High,0.1578899010726594,53.18613497101017,7628
